GEOID,NAME,variable,estimate,moe,coverage_all,coverage_na,coverage_4050,coverage_5060,coverage_6070,coverage_7080,coverage_8090,coverage_90,noise4050n,noise5060n,noise6070n,noise7080n,noise8090n,noise90n,noise4050p,noise5060p,noise6070p,noise7080p,noise8090p,noise90p
"44001030100","Census Tract 301, Bristol County, Rhode Island",B01003_001,4482,459,5171.35664169155,4810.4827340891,148.620259252464,203.137048300332,9.11660004965961,0,0,0,131.734134574401,157.320448771041,7.04562409581565,0,0,0,0.0287391238991884,0.0392811910636056,0.00176290298297384,0,0,0
"44001030200","Census Tract 302, Bristol County, Rhode Island",B01003_001,3129,365,5617.96950333656,4763.45602187465,252.897715703584,423.363190034865,177.741656569764,0.510919153690338,0,0,133.334171344545,227.784745641663,72.9109540203461,0.178246837257877,0,0,0.0450158576961634,0.0753587554691114,0.0316380600614158,9.09437392614715e-05,0,0
"44001030300","Census Tract 303, Bristol County, Rhode Island",B01003_001,4496,372,9619.69086645714,9128.71646428221,203.97440169624,275.000000478687,12,0,0,0,100.512101665888,144.759664410011,6.29033241945124,0,0,0,0.0212038416335683,0.0285871972702973,0.00124744133325976,0,0,0
"44001030400","Census Tract 304, Bristol County, Rhode Island",B01003_001,3992,486,9137.5787591216,8734.07220204144,247.127980323974,134.090497563884,22.2880791923017,0,0,0,111.161575899685,60.4621963983726,13.3749963008702,0,0,0,0.0270452366910959,0.0146746201700344,0.00243916684932018,0,0,0
"44001030500","Census Tract 305, Bristol County, Rhode Island",B01003_001,3090,418,2185.33967071032,1832.54068529731,126.779742924089,196.448380397622,29.5708620913013,0,0,0,183.376232673223,272.798986354128,41.6660252429353,0,0,0,0.0580137470725,0.0898937510861953,0.0135314717833725,0,0,0
"44001030601","Census Tract 306.01, Bristol County, Rhode Island",B01003_001,3508,381,15236.1296356484,14565.9437475241,340.735161126591,215.232865332306,114.217861665413,0,0,0,80.6378521168341,50.0502962834862,21.5676341935605,0,0,0,0.0223636296930268,0.0141264789995433,0.00749651416710017,0,0,0
"44001030602","Census Tract 306.02, Bristol County, Rhode Island",B01003_001,3878,443,4406.1103394563,4007.43437902606,164.56165233528,166.633746365085,67.4805617298771,0,0,0,149.155029090264,151.634674738393,77.960562016646,0,0,0,0.0373485091514041,0.0378187865321701,0.015315222845328,0,0,0
"44001030700","Census Tract 307, Bristol County, Rhode Island",B01003_001,3334,578,1247.02491317167,910.898489431947,141.661804312233,193.513571559954,0.951047867536545,0,0,0,338.375341180985,506.527349495457,1.50629894154655,0,0,0,0.113599818909737,0.155180196895805,0.000762653462245321,0,0,0
"44001030800","Census Tract 308, Bristol County, Rhode Island",B01003_001,6274,562,6902.37370667937,6064.12918120748,340.908842897625,329.218155547151,168.11752702712,0,0,0,337.194282612589,299.882714809617,133.882042921997,0,0,0,0.0493900877270278,0.0476963678782806,0.0243564799837531,0,0,0
"44001030901","Census Tract 309.01, Bristol County, Rhode Island",B01003_001,6052,854,7966.35828095856,7512.60428150593,178.633869480047,138.096360441181,137.023769531399,0,0,0,114.722779537694,95.0321907714037,105.657678276176,0,0,0,0.0224235294446929,0.0173349422120849,0.0172003021580033,0,0,0
"44001030902","Census Tract 309.02, Bristol County, Rhode Island",B01003_001,6410,741,13926.4293533589,13113.9888872765,334.790052360117,329.544600475718,148.105813246524,0,0,0,182.940965663365,166.123728738646,83.9255668906821,0,0,0,0.0240399059849013,0.0236632515136578,0.0106348734114537,0,0,0
"44003020101","Census Tract 201.01, Kent County, Rhode Island",B01003_001,6598,627,7253.41363947507,6083.12325005845,373.384710642717,514.619890604243,200.957582461366,81.3282057082979,0,0,293.586092686932,412.367564468858,151.014777929915,28.1368135961181,0,0,0.0514771015692052,0.0709486479308914,0.0277052423106962,0.0112124042210536,0,0
"44003020102","Census Tract 201.02, Kent County, Rhode Island",B01003_001,4962,693,3032.34441104859,2549.13584926833,168.573687120341,247.508418203741,67.1264564561789,0,0,0,279.239982128302,412.139994369957,105.098502409682,0,0,0,0.0555918669746514,0.0816227923523214,0.0221368180380824,0,0,0
"44003020200","Census Tract 202, Kent County, Rhode Island",B01003_001,4628,699,3457.61364947202,3037.36936352133,138.906712710595,265.74936758741,15.5882056526752,0,0,0,195.664015220337,373.003809092425,19.6338670898252,0,0,0,0.0401741567429914,0.0768591851284456,0.00450837115796775,0,0,0
"44003020300","Census Tract 203, Kent County, Rhode Island",B01003_001,5516,639,2457.41921579442,2032.6778769517,126.681681596136,292.474421062288,5.58523618429899,0,0,0,323.877310012477,761.661163092774,12.9938172955478,0,0,0,0.0515507003371351,0.119016901626912,0.00227280561183918,0,0,0
"44003020400","Census Tract 204, Kent County, Rhode Island",B01003_001,3222,623,1881.18163929391,1679.85808370952,71.9588332852318,128.364722299157,1,0,0,0,135.326118618505,252.272552349784,2.00465097263492,0,0,0,0.0382519326056367,0.0682362189901757,0.000531580778332147,0,0,0
"44003020500","Census Tract 205, Kent County, Rhode Island",B01003_001,4011,541,5085.45645350117,4605.36348740245,172.172574754804,279.445449958006,17.9347195159644,10.5402218699455,0,0,134.780791102119,219.210586263234,13.8614248086305,8.02099734113818,0,0,0.0338558743603574,0.0549499248519997,0.00352666858519985,0.00207262061258807,0,0
"44003020601","Census Tract 206.01, Kent County, Rhode Island",B01003_001,6002,591,10977.7843810705,10253.4630456445,377.037039708113,257.094667369704,90.1896283481747,0,0,0,205.444566545791,166.610255111163,50.2086430955365,0,0,0,0.0343454586663458,0.0234195406327185,0.0082156494623535,0,0,0
"44003020602","Census Tract 206.02, Kent County, Rhode Island",B01003_001,3416,474,7568.08252830071,6811.45714366657,284.990267015673,309.619314343203,162.015803275268,0,0,0,128.541031795188,139.722714763201,73.0553342379602,0,0,0,0.0376568656525556,0.0409111968831453,0.0214077743826673,0,0,0
"44003020603","Census Tract 206.03, Kent County, Rhode Island",B01003_001,6398,712,10460.0174499746,9758.46409791577,242.872290533429,320.258471638626,138.422589886788,0,0,0,178.354907378329,225.49972401981,109.095601853552,0,0,0,0.0232191094990973,0.0306173936296257,0.0132334951207107,0,0,0
"44003020604","Census Tract 206.04, Kent County, Rhode Island",B01003_001,5469,592,5140.40885177008,4621.09189598648,223.782468506193,200.626665065203,94.9078222122043,0,0,0,229.522447735316,231.003044919033,92.5382812235927,0,0,0,0.0435339824047526,0.0390293205950181,0.0184630882385013,0,0,0
"44003020701","Census Tract 207.01, Kent County, Rhode Island",B01003_001,1831,285,65096.3168158725,64269.4954939251,308.756378740072,516.547524601632,1.51741860574111,0,0,0,8.68456092642136,14.5292170710797,0.0426812698938217,0,0,0,0.00474306986696961,0.0079351267455378,2.33103604007765e-05,0,0,0
"44003020702","Census Tract 207.02, Kent County, Rhode Island",B01003_001,4648,514,51901.5366105667,50317.2559296487,503.141272221968,1036.92953393591,44.2098747601267,0,0,0,46.2026766128378,96.2782229120571,3.60089821384446,0,0,0,0.00969414982830265,0.0199787829350085,0.000851802810615167,0,0,0
"44003020703","Census Tract 207.03, Kent County, Rhode Island",B01003_001,6983,916,28274.7476606455,27444.8796825967,300.913431451627,396.024373555741,132.930173041351,0,0,0,85.3890553904268,122.257392566191,38.8682805094724,0,0,0,0.0106424798220377,0.0140062920563904,0.00470137433715708,0,0,0
"44003020800","Census Tract 208, Kent County, Rhode Island",B01003_001,6297,25,148069.912304562,142751.42816217,1662.85654253127,2254.71798536498,855.108565419855,536.801049076021,9,0,236.877665992235,277.295069879451,123.332055961595,80.2676514384215,2.3353917725017,0,0.0112302122467053,0.0152273878620749,0.005775032564759,0.00362532158438701,6.07820985365891e-05,0
"44003020901","Census Tract 209.01, Kent County, Rhode Island",B01003_001,3612,375,3281.89770535044,2004.64265846402,407.502376847804,699.515527344542,145.44594620436,16.9999999878928,4.99999997671694,2.79119652509689,497.341837455782,851.905067252822,167.540578892955,21.218094401388,7.00815926385531,4.22482940868993,0.124166690565479,0.213143610845679,0.0443176354848723,0.00517992988025736,0.00152350878230162,0.000850482487783346
"44003020903","Census Tract 209.03, Kent County, Rhode Island",B01003_001,5886,495,35329.9133337868,32288.2343157459,1169.110842463,1220.9484587612,493.909017067403,157.710699749394,0,0,183.5935609959,190.41536033748,74.3674827109803,26.2155542223139,0,0,0.03309124569363,0.0345584900598545,0.013979910236436,0.00446394244614722,0,0
"44003020904","Census Tract 209.04, Kent County, Rhode Island",B01003_001,3600,431,9203.02113701798,6978.30388883676,992.553888022571,676.919036757434,370.067885144121,185.176438257098,0,0,407.319387844537,264.225367224512,141.755358557359,70.47182878414,0,0,0.107850875624978,0.0735540021781123,0.0402115652712749,0.0201212662124886,0,0
"44003021001","Census Tract 210.01, Kent County, Rhode Island",B01003_001,2416,314,1599.8070865554,835.865017226082,699.805110738031,51.8539681434631,12.2829904478276,0,0,0,985.177634892309,80.6295189042449,19.2321581759353,0,0,0,0.437430935654125,0.032412638110706,0.00767779474853716,0,0,0
"44003021002","Census Tract 210.02, Kent County, Rhode Island",B01003_001,4629,564,3351.15758838469,1045.83856427876,1222.51102660439,1007.52054781009,75.2874496914446,0,0,0,1731.95771112955,1705.61747956719,116.888314978964,0,0,0,0.364802607565125,0.300648513606825,0.0224661024454342,0,0,0
"44003021100","Census Tract 211, Kent County, Rhode Island",B01003_001,4908,733,8119.23907798217,172.573918385786,3302.05332273887,3594.09191510473,827.584546740309,210.555981218829,12.3793937936425,0,2288.06497040401,1929.52219815961,486.754704298895,125.799158829538,7.64528103206785,0,0.406694924367163,0.442663638868724,0.101928830866006,0.0259329697273993,0.0015246987648403,0
"44003021200","Census Tract 212, Kent County, Rhode Island",B01003_001,3327,355,2791.23945689389,0,1132.3803258487,1566.95281360003,91.9063174451585,0,0,0,1351.34276748144,1864.98213290188,110.675099616675,0,0,0,0.405690856458736,0.56138243880507,0.0329267047361935,0,0,0
"44003021300","Census Tract 213, Kent County, Rhode Island",B01003_001,4361,473,5559.58001634461,3338.88998250498,1745.92218230111,395.096656973386,79.6711945651332,0,0,0,1543.07607307238,371.04999733189,67.0713118450481,0,0,0,0.314038502399151,0.0710659178952081,0.0143304340131643,0,0,0
"44003021401","Census Tract 214.01, Kent County, Rhode Island",B01003_001,3840,475,3073.86570827928,936.000000039639,1154.23934677511,927.454859771737,56.1715016927919,0,0,0,1174.50138614465,1468.48133878344,90.5766728385589,0,0,0,0.375500902224269,0.301722634555469,0.0182738958118753,0,0,0
"44003021402","Census Tract 214.02, Kent County, Rhode Island",B01003_001,3858,693,2437.01981294565,1918.27437265453,296.632191568613,143.252301237342,78.8609474851619,0,0,0,505.833739217518,226.942023095657,132.692717016885,0,0,0,0.121719236746816,0.0587817548615625,0.0323595840568247,0,0,0
"44003021501","Census Tract 215.01, Kent County, Rhode Island",B01003_001,3244,471,2372.94857939447,2102.95980818914,79.8271145578474,95.4971342736681,94.664522373816,0,0,0,122.904005231189,157.470292232002,145.586621260131,0,0,0,0.0336404738185341,0.0402440807621871,0.0398932042589699,0,0,0
"44003021502","Census Tract 215.02, Kent County, Rhode Island",B01003_001,3998,502,4465.58095134656,4169.31973299086,210.53996255466,75.2571478182217,10.4641079828143,0,0,0,200.891221898324,86.3121879359322,13.2956813801284,0,0,0,0.0471472726278029,0.0168527115817996,0.00234328032496174,0,0,0
"44003021600","Census Tract 216, Kent County, Rhode Island",B01003_001,1655,242,4277.97201852138,4193.22208887722,61.8705642614514,22.8793653827161,0,0,0,0,24.8538724213211,11.1920347981185,0,0,0,0,0.014462592086527,0.00534818023204929,0,0,0,0
"44003021700","Census Tract 217, Kent County, Rhode Island",B01003_001,4594,843,3610.61061940455,3276.04196256189,208.763515524485,71.794831256906,54.010310061276,0,0,0,257.759478591002,96.0025610719106,64.5523832328076,0,0,0,0.0578194487111196,0.0198844015112176,0.0149587744995286,0,0,0
"44003021800","Census Tract 218, Kent County, Rhode Island",B01003_001,3813,479,3935.86291389817,2886.73370865826,605.829834947886,317.796361090021,125.503009202002,0,0,0,414.943674649274,285.524682113297,100.477727139546,0,0,0,0.153925542683055,0.0807437576059447,0.0318870377214692,0,0,0
"44003021901","Census Tract 219.01, Kent County, Rhode Island",B01003_001,3309,562,2633.24019016365,0,57,2197.05346987859,356.211827927702,16.6145924869925,5.21222995221615,1.14806991815567,71.4595721755089,2760.71695571629,452.311943794921,19.4119158061491,4.17910375235031,0.920508754776809,0.0216463352689667,0.834353614260324,0.135275099194641,0.00630956209352095,0.00197939784288809,0.000435991339659873
"44003021902","Census Tract 219.02, Kent County, Rhode Island",B01003_001,3021,543,2448.28710792356,246,1000.92852851937,1105.00214801788,96.3564313863108,0,0,0,1360.12681266852,1329.88269012424,152.429960977292,0,0,0,0.408828084451369,0.451336832368101,0.0393566714763418,0,0,0
"44003021903","Census Tract 219.03, Kent County, Rhode Island",B01003_001,3805,461,4667.82642325183,3129.87382788717,1001.21614323491,480.944897522302,55.791554607451,0,0,0,955.012372932884,547.480922040952,62.6992837340015,0,0,0,0.214493010761401,0.103034014959634,0.0119523627377266,0,0,0
"44003022000","Census Tract 220, Kent County, Rhode Island",B01003_001,3082,397,4462.81675797647,614.133370554342,1646.62206096366,1752.94163645,405.91088654846,34,7,2.20880346000195,1131.81740298477,1211.55783400115,281.894120885841,23.7609643336083,4.89196324515465,1.54362647744285,0.368964748109056,0.392788172025423,0.0909539666451615,0.00761850684082675,0.00156851611428786,0.000494934831472548
"44003022100","Census Tract 221, Kent County, Rhode Island",B01003_001,5436,606,8717.15040483374,2246.11121897167,3517.26802562405,2013.56218877119,698.769995989644,216.872600400427,22.7144449949265,1.85193008184433,2259.75501040645,1574.41290600452,436.494564406982,115.998380968096,14.7591745225419,1.38640738167885,0.403488280261138,0.230988579439291,0.080160369333787,0.0248788411727035,0.00260571906414866,0.000212446728097913
"44003022201","Census Tract 222.01, Kent County, Rhode Island",B01003_001,6891,978,9807.72728307693,3956.03729526325,4339.23339892231,1111.02779580739,218.685937996592,162.995463148225,19.7473919391632,0,3288.96467920302,924.844551247686,162.829390046318,110.274199275236,13.9105233877624,0,0.442430062916776,0.113280861481991,0.0222973102416837,0.0166190859965561,0.00201345239005952,0
"44003022202","Census Tract 222.02, Kent County, Rhode Island",B01003_001,4242,499,9176.45346599962,5346.28851084645,2377.71516993447,886.843384480257,432.215415356593,129.13837733398,4.25260804786344,0,1139.28492968865,412.15264057856,199.147491320092,57.7672699865605,1.94156213816306,0,0.259110469937468,0.0966433696597677,0.0471004857113947,0.0140727981471775,0.00046342610068477,0
"44003022300","Census Tract 223, Kent County, Rhode Island",B01003_001,4473,492,7289.22329966007,5406.03464800035,762.035416717677,772.812381750991,273.475598657162,74.35424889758,0.511005636304617,0,477.944279359416,542.897153153546,197.383171488328,58.0917417010333,0.393127531909668,0,0.104542745556062,0.106021224756145,0.0375177968096979,0.0102005722476697,7.01042642401211e-05,0
"44003022400","Census Tract 224, Kent County, Rhode Island",B01003_001,2141,231,8600.11057135466,6948.69238184263,986.654607560136,528.170864725016,122.581741051101,10.0109761757776,2,2,462.779479486273,216.443808805021,51.2520213972995,4.80281592359562,1.03090190491957,1.03090190491957,0.114725804903776,0.0614144272149539,0.014253507560635,0.00116405203081019,0.000232555149542103,0.000232555149542103
"44003980000","Census Tract 9800, Kent County, Rhode Island",B01003_001,0,14,4214.01464979488,0,200.568198040128,1964.49189135365,1643.9545604011,376,29,0,0,0,0,0,0,0,0.0475955151342178,0.466180603204423,0.390116005050225,0.0892260780389793,0.00688179857215532,0
"44005040101","Census Tract 401.01, Newport County, Rhode Island",B01003_001,4683,491,9033.03741953812,7822.95334893335,402.177650244746,480.024986652003,281.881433720358,45.99999998766,0,0,231.025203502456,284.718763381392,163.37042122648,17.3397033125178,0,0,0.0445229695799612,0.053141038208668,0.0312056089915735,0.00509241773848559,0,0
"44005040102","Census Tract 401.02, Newport County, Rhode Island",B01003_001,5755,552,17233.1575234711,16057.8748497118,480.665735294293,388.174264181652,295.690900925954,10.7517733573914,0,0,182.548148314441,189.942664170776,127.960818582421,6.76935921579727,0,0,0.0278919132863284,0.0225248486038017,0.0171582544013325,0.00062390037012937,0,0
"44005040104","Census Tract 401.04, Newport County, Rhode Island",B01003_001,5362,539,17981.191372991,16590.9285412178,512.368611708836,636.174406121258,240.164933145228,1.55488079786301,0,0,168.041413443635,192.106410411833,85.0010478331926,0.647115817143353,0,0,0.0284946976582681,0.0353799919551959,0.0133564527601866,8.64726238439656e-05,0,0
"44005040105","Census Tract 401.05, Newport County, Rhode Island",B01003_001,1532,234,26839.3392369151,26141.7285109053,258.90648096893,292.575881737052,141.435017414395,4.69334588944912,0,0,43.0313154068475,48.6273074368286,23.5070780042086,0.780053270688703,0,0,0.00964652962144565,0.0109010091177893,0.00526969073887868,0.000174868160800093,0,0
"44005040200","Census Tract 402, Newport County, Rhode Island",B01003_001,1356,383,2570.30535541282,2339.84798931877,63.0618210081011,164.33015649399,3.06538859196007,0,0,0,11.6786891115775,84.3595405205187,2.75793227536472,0,0,0,0.0245347584384474,0.0639340987824371,0.00119261650585782,0,0,0
"44005040302","Census Tract 403.02, Newport County, Rhode Island",B01003_001,3032,470,2312.88362192072,2000.15121043869,136.359298374853,154.2283237757,22.1447893314762,0,0,0,177.705937980483,206.381543906003,29.0279643787293,0,0,0,0.0589564027703281,0.0666822672416273,0.00957453679104106,0,0,0
"44005040303","Census Tract 403.03, Newport County, Rhode Island",B01003_001,3172,379,4302.54731230945,3946.86019899926,131.776452647522,199.240839169943,24.6698214927237,0,0,0,82.6402823995862,111.878246080968,10.6469952561406,0,0,0,0.030627542960542,0.0463076463098781,0.00573377111325287,0,0,0
"44005040304","Census Tract 403.04, Newport County, Rhode Island",B01003_001,3089,415,6219.36096276574,5519.13673716621,212.352528432384,319.82804530907,168.043651858066,0,0,0,130.372172080654,175.728548972772,106.339702580158,0,0,0,0.0341437857850192,0.0514245832045811,0.0270194402389756,0,0,0
"44005040400","Census Tract 404, Newport County, Rhode Island",B01003_001,5333,592,22259.7627799351,20756.5144452982,739.434703912406,564.063995805547,199.749634918931,0,0,0,193.888073182975,191.771764032785,70.1941606929801,0,0,0,0.0332184449233633,0.025340072191335,0.00897357428709821,0,0,0
"44005040500","Census Tract 405, Newport County, Rhode Island",B01003_001,4674,472,2626.48415485471,1992.5468727959,186.873825502871,361.969728903961,85.0937276519835,0,0,0,342.961145345366,632.968822639185,127.233456312995,0,0,0,0.0711498012114253,0.137815310339835,0.0323983403801233,0,0,0
"44005040600","Census Tract 406, Newport County, Rhode Island",B01003_001,4062,594,1159.23572541166,844.528087128692,145.338382313843,158.763289598497,10.6059663706328,0,0,0,527.268644769661,564.170491252159,33.9792902777237,0,0,0,0.125374312685395,0.136955138733425,0.00914910241130332,0,0,0
"44005040700","Census Tract 407, Newport County, Rhode Island",B01003_001,3034,426,2413.7046447573,2052.88492331761,151.866621470079,180.660551551569,28.292548418045,0,0,0,216.344178226811,226.857121472222,22.7681293973163,0,0,0,0.0629184775361564,0.0748478286040398,0.0117216281948572,0,0,0
"44005040800","Census Tract 408, Newport County, Rhode Island",B01003_001,2271,287,1921.42630277681,1519.84202970273,164.010286124423,194.577594431371,42.9963925182819,0,0,0,190.81726429739,222.629382758799,49.7615261773467,0,0,0,0.0853586140084574,0.10126726908556,0.0223773310775148,0,0,0
"44005040900","Census Tract 409, Newport County, Rhode Island",B01003_001,4932,489,12633.7963935153,11863.8894055515,345.04307593219,424.860389154928,0.00352287665009499,0,0,0,223.174678036498,220.153772449829,0.00541227554266628,0,0,0,0.0273111157711308,0.0336288773319952,2.78845450754868e-07,0,0,0
"44005041000","Census Tract 410, Newport County, Rhode Island",B01003_001,1802,271,855.404356814535,634.146662371451,77.8788791869661,132.554085515498,10.8247297406197,0,0,0,158.497471790206,253.002387586644,14.8117997264479,0,0,0,0.0910433510965288,0.154960732265989,0.0126545178948237,0,0,0
"44005041100","Census Tract 411, Newport County, Rhode Island",B01003_001,1231,243,1275.2853046613,1058.33784121701,70.8291140049696,121.072857337858,24.0454921014607,1,0,0,95.0117825530763,150.210332743637,35.1436928050454,1.78405624058152,0,0,0.0555398182242688,0.0949378597050596,0.0188549903410413,0.000784138260156296,0,0
"44005041200","Census Tract 412, Newport County, Rhode Island",B01003_001,2691,239,1924.21327085306,1915.34091582856,4.22866548137972,4.35164091002662,0.292048633098602,0,0,0,5.91376173460649,6.08574208808471,0.408428152727543,0,0,0,0.00219760748220234,0.00226151694094564,0.000151775604878314,0,0,0
"44005041300","Census Tract 413, Newport County, Rhode Island",B01003_001,5494,30,28234.6613867017,26505.6654358616,712.063854140695,789.932096621233,212.000000052154,15.000000026077,0,0,142.942093988472,183.205908987907,51.3396464639902,3.04966150597634,0,0,0.0252194933166817,0.0279773887068213,0.00750850159485193,0.000531261906089014,0,0
"44005041400","Census Tract 414, Newport County, Rhode Island",B01003_001,3496,23,65031.3509490249,63976.6217834892,375.556011721201,666.6256858898,12.5474679246545,0,0,0,20.3254671830675,35.4665249753884,0.620132691119472,0,0,0,0.00577499938476723,0.0102508355764028,0.000192944906441969,0,0,0
"44005041601","Census Tract 416.01, Newport County, Rhode Island",B01003_001,3595,479,3133.25461777609,2963.91012621818,52.4281445145607,116.916347043356,0,0,0,0,74.0426892512952,202.14062805963,0,0,0,0,0.016732806908547,0.0373146651983043,0,0,0,0
"44005041602","Census Tract 416.02, Newport County, Rhode Island",B01003_001,4401,476,9659.62017238759,8685.3309421063,385.066086981562,420.447289231966,111.743659446365,57.0321946213953,0,0,168.168794497175,180.41001196111,46.1771403965129,16.9812361073696,0,0,0.0398634811834826,0.0435262755396772,0.0115681214635943,0.00590418604495694,0,0
"44005041701","Census Tract 417.01, Newport County, Rhode Island",B01003_001,3460,376,21728.2218546443,20007.4815871056,582.637064391631,692.689348952527,319.937018943649,125.476835250854,0,0,71.5863581430614,89.0663583793356,63.1330270655898,10.4179311407525,0,0,0.0268147604663331,0.0318797071194516,0.0147244915430235,0.00577483220165273,0,0
"44005041702","Census Tract 417.02, Newport County, Rhode Island",B01003_001,4274,542,55005.1001116961,53244.9401449322,605.67765240372,993.380686457504,161.101627902728,0,0,0,47.7937619167222,81.1785220460616,14.7760794461408,0,0,0,0.0110112998826254,0.0180597923545325,0.00292884891720199,0,0,0
"44007000101","Census Tract 1.01, Providence County, Rhode Island",B01003_001,4194,694,4468.67573335958,3984.63757782878,229.240202799862,179.688108060509,70.1384887050663,3.96246910374612,1.00888686161488,0,434.130843257532,380.750879153121,181.600260360266,8.23589773952237,2.69091584593032,0,0.051299359469862,0.0402105945435021,0.0156955869904518,0.000886721109380453,0.000225768644183183,0
"44007000102","Census Tract 1.02, Providence County, Rhode Island",B01003_001,5746,1238,3071.18446295611,2083.33501136559,390.03866720933,414.733031109841,150.431989198922,31.8687058072537,0.0368558978661895,0.740202367305756,776.973350831424,846.106443210811,293.413660721267,68.9263946942226,0.108255471628407,1.27241551822486,0.126999427065968,0.135040091571265,0.048981749879695,0.010376682414113,1.20005484238203e-05,0.000241015274801595
"44007000200","Census Tract 2, Providence County, Rhode Island",B01003_001,5850,1075,1313.53356070233,623.395407787699,258.649211107666,275.215996262632,96.9982388488279,53.6019870045566,5.41292202845216,0.259797662496567,1031.9732570258,1074.51433627322,357.112903881303,125.542068815951,12.8984535340493,0.604487403997994,0.196911003148918,0.209523383715813,0.073845268785492,0.0408074742878258,0.00412088597535181,0.000197785325224318
"44007000301","Census Tract 3.01, Providence County, Rhode Island",B01003_001,3086,665,508.087720538021,183.499830309534,129.964196264744,179.693391715824,13.7427377058675,0.983733954839408,0.203830587211996,0,790.978850892601,1103.2513077818,85.1267567846711,6.09454621376173,1.26279562419343,0,0.255790862505244,0.353666078616394,0.0270479626850953,0.00193614983215441,0.000401172039733921,0
"44007000302","Census Tract 3.02, Providence County, Rhode Island",B01003_001,5051,1254,731.772820841739,485.604592320451,109.572867964947,118.876730465214,17.7186300911271,0,0,0,736.895926583975,868.248546467586,130.776208626243,0,0,0,0.149736181563711,0.16245032212111,0.0242132935065091,0,0,0
"44007000400","Census Tract 4, Providence County, Rhode Island",B01003_001,4448,1112,718.673300384994,480.464613828139,81.8578200411707,122.94284864192,33.408017873764,0,0,0,555.622820745019,704.533206017659,252.359924461337,0,0,0,0.113901295619747,0.171069175070313,0.0464856811236307,0,0,0
"44007000500","Census Tract 5, Providence County, Rhode Island",B01003_001,3358,689,647.898396029457,377.021172132576,94.6766715830599,125.922535727615,35.2507020827616,14.2761638953816,0.751150608062744,0,500.588274006024,661.166410258044,195.007086221796,79.2193629549486,4.16818363042212,0,0.146128887126857,0.194355375008353,0.0544077625423831,0.0220345720607904,0.00115936482119118,0
"44007000600","Census Tract 6, Providence County, Rhode Island",B01003_001,1891,319,3002.10163849782,1563.76046275368,387.055354386219,563.831013725904,278.183470948483,204.059943565633,5.21139311790466,0,240.440085260201,344.068949998173,39.3793638144021,28.2842474630602,0.70297955318964,0,0.128928131353971,0.187812100195259,0.0926629090038667,0.0679723634099676,0.00173591495073842,0
"44007000700","Census Tract 7, Providence County, Rhode Island",B01003_001,2352,501,696.841460648889,344.903467091604,129.659345469205,147.696129586873,47.3900236748159,27.1169681642205,0.075526662170887,0,497.965343258317,371.459773575399,87.0830713043073,52.7172770474127,0.0628570354499923,0,0.186067208671062,0.211950835200507,0.0680068944673397,0.0389141141788112,0.000108384283134585,0
"44007000800","Census Tract 8, Providence County, Rhode Island",B01003_001,4697,462,1497.64429128408,214.574113195464,350.00719383735,696.898154416092,150.534402437384,79.0111201182008,6.61930727958679,0,1161.44447669899,1932.41488455184,438.069020403884,225.411254341503,22.7063311328427,0,0.233705156741361,0.465329556872662,0.100514122955269,0.0527569333906763,0.00441981271394652,0
"44007000900","Census Tract 9, Providence County, Rhode Island",B01003_001,3136,378,507.958949425043,52.5058650311548,150.702206159145,171.109299564734,79.7291483975714,52.9954276839271,0.917002588510513,0,954.788988911901,1021.35205771181,475.154413911185,312.918834347375,5.4145686454619,0,0.296681860472632,0.336856550629558,0.15695982615882,0.104330138771868,0.00180526908630799,0
"44007001000","Census Tract 10, Providence County, Rhode Island",B01003_001,2216,503,466.614291103288,119.584176518954,125.226460031234,128.420043323444,51.9937126284349,41.3898986012209,0,0,588.022568991159,546.131420342967,201.833192810413,154.635175251432,0,0,0.268372534701288,0.275216695613417,0.111427604382837,0.0887025952491863,0,0
"44007001100","Census Tract 11, Providence County, Rhode Island",B01003_001,2212,393,553.771025790712,345.884445832897,72.4474274155793,111.055802039537,19.6213375208899,3.3372955545783,1.42471742723137,0,291.309842444607,437.47601789092,58.1750955198697,8.36549226301009,3.57129370760381,0,0.130825601271092,0.200544623801802,0.0354322212738979,0.0060264900096806,0.00257275545465215,0
"44007001200","Census Tract 12, Providence County, Rhode Island",B01003_001,3752,625,616.777035770046,455.841854162612,55.0653364125756,105.29227497254,0.577570222318172,0,0,0,333.253334751842,623.293215044853,3.39818397203566,0,0,0,0.089279161218813,0.170713675876539,0.000936432760660545,0,0,0
"44007001300","Census Tract 13, Providence County, Rhode Island",B01003_001,3540,613,615.177399185799,307.485209970706,130.815226895938,103.629015436389,24.4443678549724,48.8035790277936,0,0,780.099037711451,606.110874593797,145.624465341939,310.080700507255,0,0,0.212646347328552,0.168453872937374,0.0397354777456471,0.0793325292710464,0,0
"44007001400","Census Tract 14, Providence County, Rhode Island",B01003_001,7268,1168,1006.92266032982,516.618794404091,207.818886962254,211.221923944762,50.8823440848355,20.081745777803,0.298965156078339,0,1039.95379354483,1128.34986719224,359.136064559001,154.364394371966,2.29815395466285,0,0.206390118277983,0.209769759154665,0.050532524581549,0.019943682438555,0.000296909750725454,0
"44007001500","Census Tract 15, Providence County, Rhode Island",B01003_001,3354,582,1890.51161446058,856.152155646045,438.926443110726,418.966908153765,129.047521314584,41.1962397210009,6.22234651446342,0,875.609449101365,906.450505787636,263.255070889964,77.9581891982242,10.9769441128781,0,0.232173365005199,0.221615622432083,0.0682606339614606,0.0217910534936096,0.00329135587788432,0
"44007001601","Census Tract 16.01, Providence County, Rhode Island",B01003_001,2648,793,732.937479796907,230.056183370936,139.773534299777,233.179186842812,103.109405739699,25.5264502987266,0.29271924495697,1,496.032129303821,830.31163345373,363.216387725819,89.931107991425,1.03151763589872,3.52391465088109,0.190703215693796,0.318143352291691,0.140679674026589,0.0348275958077622,0.00039937819121773,0.00136437285247999
"44007001602","Census Tract 16.02, Providence County, Rhode Island",B01003_001,5873,1018,649.060145380218,384.226558259946,147.693770424114,108.046716252211,6.13467346457765,2.55011138040572,0.408315598964691,0,1179.21670802607,1018.90263943805,36.2062595711055,15.0505149307986,2.4098398469632,0,0.227550206980579,0.16646641612684,0.00945162556697109,0.00392892923491994,0.000629087461109634,0
"44007001700","Census Tract 17, Providence County, Rhode Island",B01003_001,4003,725,716.471722829921,572.106170422799,61.8321019639261,82.5334504431958,0,0,0,0,339.110258547256,474.77048556789,0,0,0,0,0.0863008266672431,0.115194288641574,0,0,0,0
"44007001800","Census Tract 18, Providence County, Rhode Island",B01003_001,6312,921,2017.14497518617,1488.16590521773,184.475948107953,257.991327128606,50.4439071529123,36.0678875789745,0,0,618.507262259665,830.281110180887,141.49477749717,94.260229415379,0,0,0.091453985894557,0.127899248840453,0.0250075764377107,0.0178806620360272,0,0
"44007001900","Census Tract 19, Providence County, Rhode Island",B01003_001,4192,720,1313.32300570697,616.557406230459,258.031322913688,298.28525725189,104.873727711849,33.5752915990888,2,0,931.140040109208,758.422080228846,108.917782091088,38.2440651132309,1.62678776206016,0,0.196472095434579,0.227122540270525,0.0798537201100764,0.0255651438779258,0.00152285461482751,0
"44007002000","Census Tract 20, Providence County, Rhode Island",B01003_001,6270,1052,1685.5870582271,1297.96929696641,134.234187062364,206.983665324606,38.3807256221771,8.01918325154111,0,0,523.613517765508,786.26117763865,161.568442516796,34.0261066806106,0,0,0.0796364604291347,0.122796188019094,0.0227699456013538,0.00475750167420939,0,0
"44007002101","Census Tract 21.01, Providence County, Rhode Island",B01003_001,2610,361,511.575052470518,438.141061091414,36.9260188862681,36.5079724928364,0,0,0,0,182.784737345727,187.348884763943,0,0,0,0,0.0721810391416539,0.0713638640440551,0,0,0,0
"44007002102","Census Tract 21.02, Providence County, Rhode Island",B01003_001,6742,1384,915.35836287608,798.07501037164,44.5485027522082,72.5693208922894,0.165528859943151,0,0,0,321.415831890411,512.563691611928,1.54850192179508,0,0,0,0.0486678273329317,0.07927968305689,0.000180835033202794,0,0,0
"44007002200","Census Tract 22, Providence County, Rhode Island",B01003_001,4792,1211,908.126089785021,686.551648776751,103.648416334705,116.228438665683,1.69758600788191,0,0,0,588.944356722287,590.328862991304,5.04617617890171,0,0,0,0.114134388936278,0.127987115416095,0.00186932852934968,0,0,0
"44007002300","Census Tract 23, Providence County, Rhode Island",B01003_001,4590,674,1313.19528890142,945.109886812133,157.981939906487,204.249273200407,5.85418898239732,0,0,0,541.408073516999,718.370678281257,21.8374476373746,0,0,0,0.120303462281417,0.155536099563131,0.00445797287872906,0,0,0
"44007002400","Census Tract 24, Providence County, Rhode Island",B01003_001,8401,880,3563.66721466417,3166.77293729526,147.81872360548,239.754818917954,9.32073484547436,0,0,0,453.563666809428,614.234444946948,20.6278095690872,0,0,0,0.0414793847745433,0.0672775555280203,0.00261548968633221,0,0,0
"44007002500","Census Tract 25, Providence County, Rhode Island",B01003_001,3113,653,1377.09989022225,384.525290582329,415.576466783998,461.710963368881,90.3837916078628,23.2175068741162,1.68587100505829,0,735.137760183249,938.06935518736,122.513157909816,19.2586149167469,1.39798132399111,0,0.301776559372849,0.335277757733586,0.0656334317137126,0.0168597115132797,0.00122421838606509,0
"44007002600","Census Tract 26, Providence County, Rhode Island",B01003_001,2839,497,741.159758202805,238.466813320055,199.018738127066,256.99055523947,40.2230836264789,6.21407329104841,0.246494598686695,0,772.358276907875,970.7224863016,150.192731652815,16.6196414389401,0.659253866977989,0,0.268523399880284,0.346741107291944,0.0542704635286912,0.00838425619075238,0.00033257957674929,0
"44007002700","Census Tract 27, Providence County, Rhode Island",B01003_001,5063,667,1138.76613480788,710.153117186282,187.79132381417,212.559208149534,26.2797341458499,1.98275151204143,0,0,845.449001149853,905.375053923324,102.172576339289,6.64313276173243,0,0,0.164907717286353,0.186657472199413,0.0230773758918319,0.00174114021433904,0,0
"44007002801","Census Tract 28.01, Providence County, Rhode Island",B01003_001,2422,1218,636.21461882831,488.765627021203,80.6498556786682,63.2357466483245,3.56338948011398,0,0,0,309.549690188373,235.268969052759,13.1935664529386,0,0,0,0.126765172147722,0.0993937340905231,0.00560092361077231,0,0,0
"44007002802","Census Tract 28.02, Providence County, Rhode Island",B01003_001,3045,651,1220.42479656476,926.069629649341,110.403507176234,163.058329212911,19.8538280427456,1.03950248353067,0,0,247.190011502458,376.526928539461,42.5201605648168,1.97015640286732,0,0,0.0904631792856031,0.133607846769327,0.0162679651369178,0.000851754640233998,0,0
"44007002900","Census Tract 29, Providence County, Rhode Island",B01003_001,7545,1221,3011.04624744352,1290.99258376566,469.333514965605,778.935063932537,324.831728759797,136.669317416614,8.75350540876389,1.53053319454193,1087.79280606798,1285.97201864264,508.94928133931,229.394585875964,11.0922685868366,1.94510413241476,0.155870576668852,0.258692494209904,0.107880019788998,0.0453893119485132,0.00290713084071555,0.000508306106504145
"44007003100","Census Tract 31, Providence County, Rhode Island",B01003_001,4463,571,1357.78689397243,458.609885333804,255.686639396525,412.861149744131,140.965566921466,85.3860775902867,4.27757498621941,0,850.149783611294,1108.45275375825,200.375908469305,95.5525870042797,4.78688525779707,0,0.188311317874391,0.304069181678604,0.103820096914508,0.062886214301624,0.00315040232396459,0
"44007003200","Census Tract 32, Providence County, Rhode Island",B01003_001,3276,388,773.101949661039,610.999455174897,68.6851231125183,89.4718121103942,3.94555926322937,0,0,0,298.74950184453,375.890787620601,12.8542907373663,0,0,0,0.0888435518014576,0.115730935809465,0.00510354328424508,0,0,0
"44007003300","Census Tract 33, Providence County, Rhode Island",B01003_001,4325,478,2006.67340118398,1276.34979380355,332.789787398418,272.627235533757,67.4063385586051,57.5002458896488,0,0,385.609899116235,465.017789128503,45.9474031309707,29.9100981507239,0,0,0.165841530167323,0.135860292647972,0.0335910858831506,0.0286545114196074,0,0
"44007003400","Census Tract 34, Providence County, Rhode Island",B01003_001,4733,721,4798.30850894828,4442.89877768769,177.382468186469,174.027263074124,4,0,0,0,203.753140836547,182.926397937944,2.82397074550506,0,0,0,0.0369677080695564,0.0362684605938912,0.000833627098495328,0,0,0
"44007003500","Census Tract 35, Providence County, Rhode Island",B01003_001,4506,734,1957.15675701542,1672.42394708892,132.35722793499,146.375581991515,6,0,0,0,375.301583662068,429.782517244692,11.0567441110315,0,0,0,0.0676273003991918,0.0747899121860485,0.00306567165787463,0,0,0
"44007003601","Census Tract 36.01, Providence County, Rhode Island",B01003_001,2653,437,970.316776096355,634.874112114107,143.538745998521,191.903917983727,0,0,0,0,440.481290046723,538.107888229041,0,0,0,0,0.147929778742965,0.197774502833774,0,0,0,0
"44007003602","Census Tract 36.02, Providence County, Rhode Island",B01003_001,5591,468,904.036304154302,662.756631472381,103.099341853318,131.677032396969,6.5032984316349,0,0,0,747.324905483648,841.526234407655,33.5062426359518,0,0,0,0.114043364607757,0.14565458465758,0.00719362530215923,0,0,0
"44007003700","Census Tract 37, Providence County, Rhode Island",B01003_001,3314,493,1681.43524367813,1048.05577116785,197.215981679998,294.163490951352,89.9999999403954,50.9999999385327,1,0,348.069058033528,542.775864089025,91.6056001116955,44.6102031133343,0.780438927177107,0,0.117290262840327,0.174947856039862,0.0535257009027126,0.0303312304950683,0.000594730010424014,0
"44007010101","Census Tract 101.01, Providence County, Rhode Island",B01003_001,4102,575,4058.06640104143,3274.88179571891,396.825754932128,329.437958812647,52.6816392786714,4.23925229907036,0,0,416.603419330554,348.483416839257,56.5887846762137,3.59535257469217,0,0,0.0977869053178355,0.0811810173259122,0.0129819559544791,0.00104464833251187,0,0
"44007010102","Census Tract 101.02, Providence County, Rhode Island",B01003_001,3884,577,5299.47634234255,4572.25108112418,274.829143194689,338.545474692597,110.089895689763,3.760747641325,0,0,206.180002697852,260.812124444499,83.9813618243308,2.09315523838919,0,0,0.0518596792288358,0.0638828164940818,0.0207737309458578,0.000709645141969369,0,0
"44007010200","Census Tract 102, Providence County, Rhode Island",B01003_001,6693,849,3400.56586144771,2413.17113947328,365.827438009728,406.10106453461,175.844809452887,38.1447402782505,1.47666969895363,0,729.020533475064,904.423953698911,434.110002468445,93.7267003024407,2.09980836446522,0,0.107578401041169,0.119421614249142,0.0517104554410909,0.0112171743857981,0.00043424234645612,0
"44007010300","Census Tract 103, Providence County, Rhode Island",B01003_001,3720,559,4147.67125557357,3142.54511362118,273.442191353189,413.279153746058,248.387177459554,70.0176193935913,0,0,255.394184271882,377.208448446951,217.378689151486,60.2149644063607,0,0,0.0659266789733496,0.0996412512661654,0.0598859365061238,0.0168811882811355,0,0
"44007010400","Census Tract 104, Providence County, Rhode Island",B01003_001,6604,869,4347.80043558739,3667.40589736152,188.740313920018,297.05338473036,150.94137743974,43.1361318347044,0.523330301046371,0,380.523666608985,709.303340326354,288.465199345132,135.070605753139,0.577488385701916,0,0.0434105283156859,0.0683226815791575,0.0347167216333718,0.00992136885622183,0.000120366679381794,0
"44007010501","Census Tract 105.01, Providence County, Rhode Island",B01003_001,5133,857,4390.13339440571,3367.71835755551,272.47121848911,439.757333577611,263.556280207718,46.630204575762,0,0,346.299058594903,512.312530266671,199.273235245214,52.7801172599721,0,0,0.0620644508971679,0.10016946959698,0.0600337749517053,0.0106215917345888,0,0
"44007010502","Census Tract 105.02, Providence County, Rhode Island",B01003_001,4888,524,7877.83757802084,6809.08710207689,406.634602806465,381.585546461109,259.969941538584,20.5603851377964,0,0,260.085341774214,233.350968993077,142.581855518311,9.30702787892614,0,0,0.0516175408263018,0.0484378540026938,0.0330001652057285,0.00260990213801308,0,0
"44007010600","Census Tract 106, Providence County, Rhode Island",B01003_001,6065,683,3010.42691024496,2718.91888105749,104.672525181901,174.472706377412,12.3627976281568,0,0,0,209.749681771881,363.043106254453,21.5691614902381,0,0,0,0.0347699938589053,0.0579561343222296,0.00410665928678895,0,0,0
"44007010701","Census Tract 107.01, Providence County, Rhode Island",B01003_001,2237,283,3138.52469528053,2928.93625999754,93.131831333274,109.544911252771,6.91169269694365,0,0,0,70.2520759381929,95.1988433612561,12.6280717572462,0,0,0,0.0296737608830411,0.0349033134636463,0.00220221070980799,0,0,0
"44007010702","Census Tract 107.02, Providence County, Rhode Island",B01003_001,4116,638,2363.24239605925,2152.99198696388,90.7478199067409,109.584722522761,9.91786666586995,0,0,0,162.714144790148,167.253588207122,14.6147526868235,0,0,0,0.0383997088314192,0.0463704961901052,0.00419672001585963,0,0,0
"44007010800","Census Tract 108, Providence County, Rhode Island",B01003_001,4459,572,841.058965567085,124.853117210092,295.762231839042,350.090381873437,58.0643388759345,7.37328784679994,3.94292384386063,0.97268407791853,1647.99934410812,1606.89193205287,231.677186773418,29.0205701497534,15.51897883053,3.82839339834453,0.351654573516881,0.416249509494722,0.0690371796188922,0.00876667171822905,0.00468804686149693,0.00115649926787558
"44007010900","Census Tract 109, Providence County, Rhode Island",B01003_001,5179,801,1127.477606738,317.120213707822,473.768391634956,288.891559797783,33.8931171820732,11.7199322998931,0.0570761784911156,2.02731593698263,2272.90909000791,887.645202925853,92.3505513436768,29.6810986347474,0.144547224347422,5.13424162782285,0.420202041090337,0.256228201847484,0.0300610113935053,0.0103948248992732,5.06228932175845e-05,0.00179809862729605
"44007011000","Census Tract 110, Providence County, Rhode Island",B01003_001,5798,671,838.983392676292,661.615816956456,94.5438696932979,81.0824595795712,1.74124644696712,0,0,0,880.196879763594,749.227819262635,7.7042996441567,0,0,0,0.112688606852765,0.0966437003251332,0.00207542421240626,0,0,0
"44007011100","Census Tract 111, Providence County, Rhode Island",B01003_001,4001,684,899.010733778891,710.168886092328,75.0746910921298,108.675049931742,5.09210666269064,0,0,0,328.349148103588,487.983011656254,20.6309085804315,0,0,0,0.0835081142764133,0.120882928143626,0.00566412220829282,0,0,0
"44007011200","Census Tract 112, Providence County, Rhode Island",B01003_001,5416,902,3658.8602355105,2534.15115854061,558.93019570491,487.580734327155,76.1981469378225,0,2,0,880.496654187107,740.565435290451,136.051972854058,0,3.18735196284732,0,0.152760739609647,0.133260278595781,0.0208256511681679,0,0.000546618310420636,0
"44007011301","Census Tract 113.01, Providence County, Rhode Island",B01003_001,4497,554,8279.93124554272,6950.64477228516,631.278680880885,494.365870242862,196.641922133818,6,0,1,347.800877177038,299.855733198092,110.87514593578,2.90754421778007,0,0.484590702963345,0.0762420196690301,0.0597065187599221,0.0237492216181958,0.000724643698367657,0,0.000120773949727943
"44007011302","Census Tract 113.02, Providence County, Rhode Island",B01003_001,4294,654,5468.24805579461,5149.83531993108,171.822353122459,60.6331048125867,85.957277928479,0,0,0,144.904094741223,76.0277988833142,107.648251992247,0,0,0,0.0314218285946962,0.0110882140301472,0.0157193450354527,0,0,0
"44007011402","Census Tract 114.02, Providence County, Rhode Island",B01003_001,3882,352,35423.028275608,33983.287866201,511.180000863391,716.665044139896,211.895364403725,0,0,0,58.6471505225189,86.8246922694368,24.3978193284605,0,0,0,0.0144307255970937,0.020231614264142,0.00598185346422327,0,0,0
"44007011403","Census Tract 114.03, Providence County, Rhode Island",B01003_001,7598,1370,8271.41797554109,7358.5123773335,371.050295589362,358.602642452322,137.913806918443,44.3388532474637,0,1,338.361365222339,335.014157023469,121.09564154554,48.89136738575,0,0.835261225039078,0.0448593332710996,0.0433544337274122,0.0166735386032068,0.0053604899883642,0,0.000120898255046117
"44007011404","Census Tract 114.04, Providence County, Rhode Island",B01003_001,4780,597,6753.11325733737,5837.57593038716,311.207909885954,390.693103282247,147.602949357068,66.0333644249476,0,0,235.888805080546,262.688797421848,101.017147656023,59.7426322215101,0,0,0.0460836206986195,0.0578537762353907,0.0218570226401422,0.00977821071684253,0,0
"44007011405","Census Tract 114.05, Providence County, Rhode Island",B01003_001,4513,459,13376.4472467102,11854.1639829337,512.928411754183,616.520141299978,271.279031591635,120.55567916052,0.999999970197678,0,178.230321610123,211.289666131456,89.2644800840373,41.90161208164,0.373430231414941,0,0.0383456385910192,0.0460899766529267,0.0202803499754656,0.00901253351783442,7.475826366703e-05,0
"44007011500","Census Tract 115, Providence County, Rhode Island",B01003_001,6453,761,12610.6367508822,9304.39289692035,1165.2843351251,1332.15771486334,483.778945211712,321.022858761717,3,1,679.206399488997,749.423224061305,187.47727907863,116.901879505678,2.47321713373476,0.549680306877415,0.0924048767833696,0.105637624901863,0.0383627690471592,0.0254565146156683,0.000237894410826648,7.9298136942216e-05
"44007011600","Census Tract 116, Providence County, Rhode Island",B01003_001,6646,882,27197.8851035045,23554.4496447533,1212.42219607051,1628.69054493132,572.128447432192,230.19427031711,0,0,294.670443074207,385.271056466474,134.137577422,52.2380273992629,0,0,0.0445778115267606,0.0598829849722935,0.0210357697024933,0.0084636827253693,0,0
"44007011701","Census Tract 117.01, Providence County, Rhode Island",B01003_001,4585,470,5963.82158882097,5263.01720713631,276.332111462067,319.306916346515,105.165353876073,0,0,0,248.788155817567,276.0439778558,97.2402812610792,0,0,0,0.0463347381115566,0.0535406553651853,0.0176338866463079,0,0,0
"44007011702","Census Tract 117.02, Providence County, Rhode Island",B01003_001,4109,476,8568.61372330406,7473.90971746715,393.674008870061,418.786082314813,176.127947291006,106.115967361024,0,0,230.98499802227,220.138456624376,93.2620677076393,47.407279351246,0,0,0.0459437222382176,0.0488744265803278,0.0205550107611912,0.0123842631711148,0,0
"44007011800","Census Tract 118, Providence County, Rhode Island",B01003_001,7235,741,3312.80880514817,2539.77895857225,266.470143663231,295.85310160536,145.978753697069,64.7278476102656,0,0,548.531912848858,632.917448037072,305.317331597795,138.043386964408,0,0,0.0804363183438571,0.0893058184177724,0.0440649498003673,0.019538660821499,0,0
"44007011901","Census Tract 119.01, Providence County, Rhode Island",B01003_001,3159,503,1719.84698028131,1445.16251462442,96.7283882088595,135.459686644666,42.4963908033678,0,0,0,186.623312737282,239.298800806339,69.5666933435754,0,0,0,0.056242438611043,0.0787626388845997,0.0247094022262473,0,0,0
"44007011902","Census Tract 119.02, Providence County, Rhode Island",B01003_001,4410,526,3415.67515333494,3112.28450184175,148.614108413007,133.110725963452,21.6658171167292,0,0,0,215.467211965256,198.594030085988,32.7124889540329,0,0,0,0.0435094386150584,0.0389705460817863,0.00634305551439089,0,0,0
"44007012000","Census Tract 120, Providence County, Rhode Island",B01003_001,6464,779,3182.63631631174,2702.23418156678,168.297858220225,288.343941504067,23.7603350206687,0,0,0,333.461633929721,586.097569950179,51.3121604332644,0,0,0,0.0528800156516973,0.0905990860552423,0.00746561424530084,0,0,0
"44007012102","Census Tract 121.02, Providence County, Rhode Island",B01003_001,3879,539,1794.55631991562,1656.34234815806,50.0844554733485,87.0812309023459,1.04828538186848,0,0,0,111.186379034132,197.285469899664,2.36048629615786,0,0,0,0.027909102053539,0.0485252148043146,0.000584147385197568,0,0,0
"44007012103","Census Tract 121.03, Providence County, Rhode Island",B01003_001,3121,559,885.419258948848,800.962059558187,32.1784359975454,51.2316239841166,1.04713940899819,0,0,0,119.077662176562,156.122551088883,3.84711821768843,0,0,0,0.0363425977832773,0.0578614294486183,0.00118264810530701,0,0,0
"44007012104","Census Tract 121.04, Providence County, Rhode Island",B01003_001,4264,530,2284.78783701956,1985.21593846074,105.500375101983,166.583210081211,27.488313375623,0,0,0,244.835605381446,379.699549633808,67.0330225881516,0,0,0,0.0461751298709666,0.0729097062677445,0.0120310135279259,0,0,0
"44007012200","Census Tract 122, Providence County, Rhode Island",B01003_001,7432,830,41116.826347674,37500.5303749855,1314.06762055762,1374.30111259591,674.884010855829,242.043228679075,11,0,302.532617186952,322.899531023781,154.690120168084,81.4687751445671,2.21729756867863,0,0.0319593640191531,0.0334242993604408,0.016413815724715,0.00588671962744438,0.000267530375690639,0
"44007012300","Census Tract 123, Providence County, Rhode Island",B01003_001,6694,864,11268.5069890844,9725.37857107108,490.872039987633,671.040473235283,295.623813421858,77.5920913685113,8,0,300.401335393669,421.882487727261,170.296909670639,31.255577675062,3.22255293020714,0,0.043561408841751,0.0595500782743721,0.0262345148038001,0.00688574728166505,0.000709943207893422,0
"44007012401","Census Tract 124.01, Providence County, Rhode Island",B01003_001,7352,833,5544.62229835202,4756.24710655712,294.58533671184,327.810851041591,164.664563250878,1.31444079059293,0,0,346.481848104564,393.763882186088,185.776586560843,1.73619320993476,0,0,0.0531299195617701,0.059122305073697,0.0296980667736051,0.000237065884719254,0,0
"44007012402","Census Tract 124.02, Providence County, Rhode Island",B01003_001,2972,818,3983.32360668014,3417.30424663165,157.462584912195,221.608002560388,105.696645107317,81.252127468586,0,0,94.9768414379303,129.875786989922,47.3964090273437,27.9299580856896,0,0,0.0395304525718488,0.0556339440232135,0.0265347874147259,0.0203980734410641,0,0
"44007012500","Census Tract 125, Providence County, Rhode Island",B01003_001,4876,685,8233.81206351297,7012.46607809764,406.299905504657,527.635657556577,210.276041762438,77.1343805916511,0,0,245.442702416804,292.577832856033,99.2804144167428,10.1607115868594,0,0,0.049345297460106,0.0640815764905205,0.0255381152910021,0.00936800354400384,0,0
"44007012601","Census Tract 126.01, Providence County, Rhode Island",B01003_001,4845,569,24470.4929076886,21587.0282218693,942.205629282384,1255.46871909646,592.939803909234,92.4286660413941,0.421867489814758,0,174.346125421661,232.196618234985,109.748587691098,15.9731423628029,0.0512743180992513,0,0.0385037454225674,0.0513054119437863,0.0242308075340376,0.00377714770152231,1.7239844387532e-05,0
"44007012602","Census Tract 126.02, Providence County, Rhode Island",B01003_001,7319,680,24069.2611019911,20874.6712177146,1110.75988179674,1270.90838368733,524.052356785949,287.291129496298,1.57813251018524,0,415.220818195064,492.642246483178,174.870246189798,117.530713446993,0.886847482810087,0,0.0461484827926377,0.0528021354000847,0.021772681536227,0.0119360178228542,6.55663048191659e-05,0
"44007012701","Census Tract 127.01, Providence County, Rhode Island",B01003_001,4653,529,24217.8644369782,23552.5000494983,324.721704975418,256.547949186605,84.0947333178483,0,0,0,104.225569123371,97.8802930625713,33.8293669710136,0,0,0,0.0134083542262959,0.0105933349265463,0.00347242563590555,0,0,0
"44007012702","Census Tract 127.02, Providence County, Rhode Island",B01003_001,4918,497,6740.28598361222,5847.27345186494,306.306020190023,416.766501100466,169.94001045679,0,0,0,232.639443452037,316.624022317536,131.128167270835,0,0,0,0.0454440688325021,0.0618321688595645,0.0252125816130011,0,0,0
"44007012801","Census Tract 128.01, Providence County, Rhode Island",B01003_001,4879,486,13099.0405752782,11197.8268231557,781.747970160736,702.22811042623,307.085032891482,109.15263864398,0,1,310.482049576394,278.600776639132,114.105297927764,45.1014993394395,0,0.456086053304521,0.0596797884294008,0.0536091255226392,0.023443322518677,0.00833287277924644,0,7.63414689994397e-05
"44007012802","Census Tract 128.02, Providence County, Rhode Island",B01003_001,2453,440,5873.22208061408,4884.61918942643,320.880844044965,432.167519649527,122.582971897988,112.97155559517,0,0,134.381872748207,179.466749385143,50.7689464697252,47.7347259401431,0,0,0.0546345497651291,0.0735826968089621,0.0208715029357737,0.0192350219427354,0,0
"44007012803","Census Tract 128.03, Providence County, Rhode Island",B01003_001,5146,578,52593.5179160912,49799.1725745887,937.832181405276,1344.29097532511,362.781952129502,148.440232642562,1,0,95.2690840972053,136.365358858786,38.1637628585709,15.6167503505116,0.105205644537866,0,0.0178317066164221,0.0255600124994457,0.00689784533349323,0.00282240546980309,1.90137499757179e-05,0
"44007012900","Census Tract 129, Providence County, Rhode Island",B01003_001,5025,712,10082.4665123017,9410.43367091927,355.371938748285,305.197651997094,11.4632506370544,0,0,0,174.685828653105,154.876060328988,6.6322772239218,0,0,0,0.0352465280509182,0.0302701379295155,0.00113694904149377,0,0,0
"44007013001","Census Tract 130.01, Providence County, Rhode Island",B01003_001,4173,819,83249.4292645859,82687.4065778362,238.094490618445,323.928196131252,0,0,0,0,13.6172162729131,17.8147443333678,0,0,0,0,0.00286001348864177,0.00389105605879571,0,0,0,0
"44007013002","Census Tract 130.02, Providence County, Rhode Island",B01003_001,7486,761,70977.2635490919,68590.4312782195,1085.06736618318,927.534340542734,374.230564146393,0,0,0,128.189422484176,107.71459826731,33.3239810940969,0,0,0,0.0152875345135374,0.0130680487548129,0.00527254145107403,0,0,0
"44007013101","Census Tract 131.01, Providence County, Rhode Island",B01003_001,5189,569,95204.6471508797,93093.1580503903,663.953383642158,996.875594111243,450.660122736026,0,0,0,38.4645421288281,55.9017275115831,26.2364338187791,0,0,0,0.00697395981721279,0.0104708711595916,0.00473359375012254,0,0,0
"44007013102","Census Tract 131.02, Providence County, Rhode Island",B01003_001,5013,566,68434.3135179014,66339.4076239422,707.242258425631,1038.41276767419,349.250867859437,0,0,0,65.5166137955002,92.1990040692028,32.7814301901258,0,0,0,0.0103346146409524,0.0151738610982421,0.0051034466469526,0,0,0
"44007013201","Census Tract 132.01, Providence County, Rhode Island",B01003_001,5156,419,48330.3626232561,45534.9391944175,1114.09135555985,1357.00404098994,324.32803228889,0,0,0,128.208413055711,136.170909244781,30.2439275370806,0,0,0,0.0230515827957757,0.0280776714126485,0.0067106476071178,0,0,0
"44007013202","Census Tract 132.02, Providence County, Rhode Island",B01003_001,5513,422,109172.291455045,105510.828917757,1183.32842083325,1983.75493017743,494.379186277394,0,0,0,63.2002854422424,107.377570193996,25.8042607377793,0,0,0,0.01083909117471,0.0181708646373361,0.00452843097537225,0,0,0
"44007013300","Census Tract 133, Providence County, Rhode Island",B01003_001,4722,17,149249.214010079,145702.058769608,1024.31060864504,1864.96100545948,656.883626366969,1,0,0,35.0506331037552,59.185079931295,25.7260911699994,0.035081483026553,0,0,0.00686308879707644,0.0124956169305758,0.00440125350558032,6.70020278922519e-06,0,0
"44007013400","Census Tract 134, Providence County, Rhode Island",B01003_001,3848,429,2256.76345141734,1282.24284578984,703.830094587058,233.488409794918,37.2021012455225,0,0,0,1057.5295998451,397.89272254604,78.0346566412194,0,0,0,0.311875883201238,0.103461623170243,0.0164847145243149,0,0,0
"44007013500","Census Tract 135, Providence County, Rhode Island",B01003_001,5021,590,1550.46216934989,1324.52323523179,99.1353065962321,109.263990939848,17.5396365820197,0,0,0,321.77529477829,375.321967794692,57.5399001378783,0,0,0,0.0639391973283682,0.0704718845127724,0.0113125214718229,0,0,0
"44007013600","Census Tract 136, Providence County, Rhode Island",B01003_001,2661,563,2294.66833496219,1047.13498316196,669.029796749244,469.662350629107,99.7942748240233,9.04692959785461,0,0,597.063678752051,446.092130963219,95.4977175993946,7.89478997826039,0,0,0.291558386262505,0.204675483368644,0.0434896291126394,0.00394258702227818,0,0
"44007013701","Census Tract 137.01, Providence County, Rhode Island",B01003_001,4474,600,1623.36189127312,444.672855886559,496.56982287718,346.074812412262,208.35166026971,117.540125440661,10.1526143867522,0,1279.35217324456,890.985590219718,527.727826671234,299.418860979486,26.4091092547901,0,0.305889786834742,0.213184019085758,0.128345787461051,0.0724053743484637,0.00625406721774776,0
"44007013702","Census Tract 137.02, Providence County, Rhode Island",B01003_001,3113,546,987.164592590509,798.484179183375,84.0055385490487,64.6018959293997,40.0729789286852,0,0,0,259.789774144783,184.758540305746,113.352421547854,0,0,0,0.0850978035269702,0.0654418689793887,0.0405940197100526,0,0,0
"44007013800","Census Tract 138, Providence County, Rhode Island",B01003_001,4951,719,2540.56795326079,1352.33149525567,686.728045209864,288.612766965001,163.800735529978,40.0672083189129,9.02770198136568,0,1120.75550412528,443.543881993536,237.533473830048,54.3225161748644,12.2396220620418,0,0.270304930961778,0.113601671860251,0.064474061919793,0.0157709650188601,0.00355341882108634,0
"44007013900","Census Tract 139, Providence County, Rhode Island",B01003_001,2904,388,2773.67419438612,2216.00304098423,262.287398024375,218.707885925687,71.5318452138454,5.14402423799038,0,0,239.423348020146,195.146262961246,67.6865213215851,4.09657620288328,0,0,0.0945631605021385,0.0788513252091211,0.0257895629409628,0.00185458849074697,0,0
"44007014000","Census Tract 140, Providence County, Rhode Island",B01003_001,6316,791,2265.65043895733,1818.34686433877,163.308559281752,204.850991143438,64.0672417991736,15.0767823942006,0,0,438.820663740458,568.414887498813,163.423541560628,37.9065566901583,0,0,0.0720802099360514,0.0904159739830437,0.0282776374932127,0.00665450509706123,0,0
"44007014100","Census Tract 141, Providence County, Rhode Island",B01003_001,4821,886,2362.10727177326,1578.50686388912,307.916700631717,335.453554609955,81.8545408212813,57.3756118211895,0,1,876.759518750007,822.936526103181,152.002395543775,100.84936452825,0,5.41974165092294,0.130356781129826,0.142014530253796,0.0346531852297428,0.02429001108748,0,0.000423350798649076
"44007014200","Census Tract 142, Providence County, Rhode Island",B01003_001,4959,316,5648.1122331456,4063.58244434332,651.923969356823,551.473864687956,305.792505608872,75.1842253506184,0.155223798006773,0,558.424112523592,504.420962620045,277.733793280874,56.9023505450347,0.117479417070837,0,0.11542333835561,0.0976386165720408,0.0541406567338282,0.0133113901153388,2.74824209575461e-05,0
"44007014300","Census Tract 143, Providence County, Rhode Island",B01003_001,5000,652,3026.9064934843,2608.90349563939,169.802930043017,191.844803156884,56.3552646450125,0,0,0,270.384495274537,306.105599788508,90.5688162922007,0,0,0,0.0560978445844077,0.0633798247715441,0.0186181055696046,0,0,0
"44007014400","Census Tract 144, Providence County, Rhode Island",B01003_001,3451,453,2940.61455285612,2143.86430100768,252.443500129666,300.910144067748,212.284386482672,31.1122211683542,0,0,296.351127357626,353.994640355048,250.292077746923,37.1202750360189,0,0,0.085847191324166,0.102328999145938,0.0721904835424579,0.0105801765614388,0,0
"44007014501","Census Tract 145.01, Providence County, Rhode Island",B01003_001,4853,429,11074.4428526178,9776.75346357449,387.453886183634,658.263990489068,212.857114901708,38.2760180857817,0.838379383087158,0,147.257882371662,236.812273087588,80.0361083458772,15.8174962563528,0.449128076163821,0,0.0349863095904683,0.0594399193936395,0.019220570979008,0.00345624774042101,7.57039784524224e-05,0
"44007014502","Census Tract 145.02, Providence County, Rhode Island",B01003_001,4108,745,3711.11148904876,2603.09862393636,374.361510761002,439.809696242502,144.377507021152,149.302530485737,0.161620602011681,0,430.70317055485,530.633296370849,158.649232222255,156.256753267678,0.139985875392839,0,0.10087584591994,0.118511582726725,0.0389041146964192,0.0402312166924434,4.35504571847577e-05,0
"44007014600","Census Tract 146, Providence County, Rhode Island",B01003_001,6664,770,29798.5272697331,27867.2712481565,769.109808395791,861.626491239469,203.033478646901,97.4862432944356,0,0,240.076354481058,280.596756785178,87.316115605925,71.5392301937916,0,0,0.0258103295318555,0.0289150696422048,0.00681354070988354,0.00327151212581751,0,0
"44007014700","Census Tract 147, Providence County, Rhode Island",B01003_001,8378,1192,4421.20791449861,3965.17441828529,157.373569630487,253.845649403303,44.8142771795392,0,0,0,421.033465536952,758.52004875145,96.1378864060285,0,0,0,0.0355951524275541,0.0574154516847891,0.0101362066761389,0,0,0
"44007014800","Census Tract 148, Providence County, Rhode Island",B01003_001,5730,728,4212.32535303826,3653.24947637308,194.782333594398,264.065540981879,76.929368675279,23.2986334136222,0,0,306.031888849364,402.385551856986,121.191517543912,38.4376171787994,0,0,0.0462410467543551,0.0626887808633809,0.0182629218371728,0.00553106217135325,0,0
"44007015000","Census Tract 150, Providence County, Rhode Island",B01003_001,4778,837,1300.96598870565,1013.71106496383,116.817897567351,152.293657141917,17.2434931532625,0.89987587928772,0,0,424.311306514131,554.781215443039,62.0733296332776,2.96257030439108,0,0,0.0897931987319472,0.117061981991886,0.0132543765962847,0.000691698235849361,0,0
"44007015100","Census Tract 151, Providence County, Rhode Island",B01003_001,5137,940,1138.22609188159,416.105911127139,371.378739479725,313.077735441271,36.6156517251147,0.953195339010563,0.0948587693274021,0,1730.11378200126,1550.29563275646,186.436341107995,4.3476398288819,0.386216996786087,0,0.326278532998487,0.275057598551204,0.0321690497048665,0.000837439367986062,8.33391274404826e-05,0
"44007015200","Census Tract 152, Providence County, Rhode Island",B01003_001,2959,515,666.101336167362,45.1475950912863,261.013868682648,298.10524437674,55.4618176529184,5.5649516582489,0.80785870552063,0,1124.34714403376,1355.57725395688,285.034883123112,33.7014663440485,4.94575368761895,0,0.391853092780865,0.447537376357761,0.083263333432172,0.00835451207810019,0.00121281652153547,0
"44007015300","Census Tract 153, Providence County, Rhode Island",B01003_001,2255,623,458.115785153665,12.9985489394385,174.807203808494,162.069667570892,60.5370975883561,47.2795920372009,0.423675209283829,0,830.949009853951,823.141431779666,306.035920703861,232.958907698652,2.28978004030926,0,0.381578652108349,0.353774466681015,0.132143662257894,0.103204459591677,0.000924821241734152,0
"44007015400","Census Tract 154, Providence County, Rhode Island",B01003_001,2372,405,397.901020781719,155.000000068787,132.18802006662,99.2311637362873,11.4818369100249,0,0,0,689.475662273589,531.428943402148,69.06550648809,0,0,0,0.332213322315491,0.2493865523173,0.0288560127025248,0,0,0
"44007015500","Census Tract 155, Providence County, Rhode Island",B01003_001,4146,571,996.526521673587,241.174188698581,484.620353332135,256.129156963776,14.602822679095,0,0,0,1918.67472834916,1118.88765026134,72.897407009885,0,0,0,0.486309538975695,0.257021917021965,0.0146537220650893,0,0,0
"44007015600","Census Tract 156, Providence County, Rhode Island",B01003_001,2145,442,534.381113227052,334.999999953247,97.3796466078347,95.7887117304781,6.21275493549183,0,0,0,372.127548394648,369.287813603605,24.0772088599126,0,0,0,0.182228832938673,0.179251678922602,0.011626075064618,0,0,0
"44007015700","Census Tract 157, Providence County, Rhode Island",B01003_001,3190,508,1206.42670863402,747.073065030357,291.333326854656,129.452692895324,38.5676238536835,0,0,0,844.175891882767,401.501850187578,120.417077785293,0,0,0,0.241484480382997,0.107302575422834,0.0319684764749214,0,0,0
"44007015800","Census Tract 158, Providence County, Rhode Island",B01003_001,3221,638,1827.95492301872,1594.50182671546,77.1024732445658,116.610473987106,39.7401490715856,0,0,0,166.062307738884,215.131435232648,100.066056044739,0,0,0,0.0421796359820718,0.0637928608187632,0.0217402237720162,0,0,0
"44007015900","Census Tract 159, Providence County, Rhode Island",B01003_001,3130,574,838.12877803891,625.000000138542,107.999658660963,87.4160635234221,17.7130557159835,0,0,0,385.045331136675,307.852229343227,59.0053560472635,0,0,0,0.128858072280569,0.10429908364197,0.0211340502558918,0,0,0
"44007016000","Census Tract 160, Providence County, Rhode Island",B01003_001,3238,518,1316.91223561761,459.54162038186,310.036857034938,382.066347381769,122.467183637753,39.2239024203736,3.57632476091385,0,706.744404716702,894.51774763529,298.764173420215,140.400630933369,5.35239382645022,0,0.235427121602782,0.290122862441617,0.0929957064149518,0.0297847505395668,0.00271568952295186,0
"44007016100","Census Tract 161, Providence County, Rhode Island",B01003_001,4649,579,1020.54921295366,108.988115340573,280.689900086099,418.925602242439,130.841288915486,77.0065838750452,4.09728254377842,0.000439950235886499,1198.79951391085,1926.57902897318,621.21573396615,369.694291861328,18.7836524132304,0.00183383461229322,0.275038083929075,0.410490348652557,0.128206741286691,0.0754560220101233,0.00401478193483696,4.31091641933859e-07
"44007016300","Census Tract 163, Providence County, Rhode Island",B01003_001,2928,428,2160.15194410795,1123.22288190553,415.060722802652,447.682808361559,149.299688505358,21.4168156990781,2,1.46902683377266,363.244804488817,351.264443697751,116.747594120548,14.9291053654654,1.39414799802456,1.02402040967425,0.192144225749848,0.207245980812906,0.0691153642745314,0.00991449502313707,0.000925860796716276,0.000680057177357172
"44007016400","Census Tract 164, Providence County, Rhode Island",B01003_001,4507,744,1191.46827302786,540.643610913782,331.961223489729,216.047190261348,47.3428372760536,52.4734110869467,3,0,1122.39243448811,686.770844793218,92.9289493143478,95.4761820126454,5.4585463400375,0,0.278615243900806,0.181328529808277,0.0397348702838239,0.0440409638047658,0.00251790170826467,0
"44007016500","Census Tract 165, Providence County, Rhode Island",B01003_001,3794,411,1107.35594298622,874.948782817766,76.4739031101358,150.992612034133,4.94064502418041,0,0,0,253.981453381631,537.894831244217,17.5898774854727,0,0,0,0.0690599112187071,0.136354180415513,0.00446165937472366,0,0,0
"44007016600","Census Tract 166, Providence County, Rhode Island",B01003_001,1957,274,985.014915430645,857.4786973466,63.9226419087499,62.6316979542607,0.981878221035004,0,0,0,126.999711634551,124.434900402397,1.95076810357274,0,0,0,0.0648951004775427,0.0635845173236573,0.000996815586904823,0,0,0
"44007016700","Census Tract 167, Providence County, Rhode Island",B01003_001,3842,583,1011.82372204569,535.944105460803,164.185242229258,223.287291569082,60.9572706629988,27.449812123552,0,0,612.143824236399,838.683971407615,260.343016451817,117.553269385853,0,0,0.162266646503711,0.22067805557834,0.0602449511064596,0.0271290458263365,0,0
"44007016800","Census Tract 168, Providence County, Rhode Island",B01003_001,3096,538,960.170935836042,709.000000238073,155.937027206644,89.7935659631621,5.44034242816269,0,0,0,514.550938698085,300.453607242014,15.6395309465301,0,0,0,0.162405485717881,0.093518312846011,0.00566601448254176,0,0,0
"44007016900","Census Tract 169, Providence County, Rhode Island",B01003_001,1661,222,2166.17864940999,2002.78392222687,62.3258600836452,62.0252299429849,39.0436371564865,0,0,0,107.888642548132,97.4987822235056,65.5277125087994,0,0,0,0.0287722622049761,0.0286334785729141,0.0180241999740515,0,0,0
"44007017000","Census Tract 170, Providence County, Rhode Island",B01003_001,4171,587,1981.47212825598,1690.76548747347,125.222475220216,133.541186510585,31.5909343948297,0.21478733420372,0.137257322669029,0,286.94674092919,307.666092466746,60.3183407547308,0.395161950377644,0.226154966264255,0,0.0631966876720254,0.0673949356169463,0.0159431636430006,0.000108397857906166,6.92703776710896e-05,0
"44007017100","Census Tract 171, Providence County, Rhode Island",B01003_001,4645,614,2442.03765169212,1794.39758741262,296.273427341483,310.162859086046,39.555822493945,0.785212695598602,0.86274266242981,0,576.065282025267,535.294509152022,69.8362701191298,2.15433348170334,2.3670470614965,0,0.121322219227943,0.127009859520851,0.0161978757643381,0.000321539962766142,0.000353288026428259,0
"44007017300","Census Tract 173, Providence County, Rhode Island",B01003_001,3222,906,1538.37184139203,1231.00620078448,158.809829822855,148.040628241142,0.515182543545961,0,0,0,306.21013959204,310.114814135268,1.05199334715662,0,0,0,0.103232408153774,0.0962320189813048,0.000334888178322211,0,0,0
"44007017400","Census Tract 174, Providence County, Rhode Island",B01003_001,4606,655,1942.26906711963,1474.24917220606,273.668527872094,162.90441660583,27.4469504356384,3,1,0,591.397811532365,377.384623120793,55.037843428329,4.92265545424531,3.37014010825337,0,0.140901450012764,0.0838732487499358,0.0141313842146197,0.00154458517142992,0.000514861723809973,0
"44007017500","Census Tract 175, Providence County, Rhode Island",B01003_001,2683,464,1447.02967795548,1209.74455642109,99.2220778735355,130.425304970144,7.63773869071156,0,0,0,180.98377674503,237.840026066543,14.095467025378,0,0,0,0.0685694836706645,0.0901331237065037,0.00527821841325533,0,0,0
"44007017600","Census Tract 176, Providence County, Rhode Island",B01003_001,3009,456,624.982983066555,525.806934926266,42.9907069040491,55.1764096255065,1.00893161073327,0,0,0,201.639010774113,257.619636685125,4.56315899965477,0,0,0,0.0687870039166667,0.0882846591354804,0.00161433453081046,0,0,0
"44007017700","Census Tract 177, Providence County, Rhode Island",B01003_001,3612,497,3657.93655884098,3108.61081988066,217.8335692728,255.178999738768,70.3131699487567,5,1,0,258.103812733729,310.431827953646,111.81364619246,4.56608388231947,0.913216776463894,0,0.0595509423875356,0.0697603678013544,0.0192220856807411,0.00136689084667566,0.000273378169335132,0
"44007017800","Census Tract 178, Providence County, Rhode Island",B01003_001,2242,432,726.916095754805,586.021567802502,64.3653625859006,75.3150982584048,1.21406710799783,0,0,0,186.229424021554,228.614249863384,5.41485914291016,0,0,0,0.0885457936091865,0.103609066711063,0.00167016126770063,0,0,0
"44007017900","Census Tract 179, Providence County, Rhode Island",B01003_001,2892,606,870.104596075807,557.217253880706,147.286980310571,113.222204211093,48.3781577032387,2.99999997019768,0,1,514.987939305708,386.796616716536,158.121077447976,8.98907043955018,0,3.85128949227554,0.169275028513628,0.1301248203052,0.0556003932417152,0.00344786130739655,0,0.00114928711388266
"44007018000","Census Tract 180, Providence County, Rhode Island",B01003_001,2963,564,1196.63520028623,597.967452694313,218.268405643757,348.657914522575,30.7414274255862,0,0,1,530.935679997087,818.793445992589,53.3832806797749,0,0,1.49015367546903,0.182401792619462,0.291365250194192,0.0256898906352019,0,0,0.000835676570236947
"44007018100","Census Tract 181, Providence County, Rhode Island",B01003_001,2484,615,974.293001187973,720.229291785143,90.572695009876,134.305198559445,29.185815833509,0,0,0,267.497159437753,384.447682798253,99.5774145633544,0,0,0,0.0929624814090209,0.137848879542072,0.0299558919112856,0,0,0
"44007018200","Census Tract 182, Providence County, Rhode Island",B01003_001,3363,606,655.93048658755,615.855145351704,25.2380946576595,12.4735425636172,2.36370401456952,0,0,0,126.339432637563,53.6704837592071,10.0468299967693,0,0,0,0.038476782484924,0.0190165616916364,0.00360358919565789,0,0,0
"44007018300","Census Tract 183, Providence County, Rhode Island",B01003_001,1484,308,369.625906520181,272.650460411896,38.8416453540485,51.0498229633085,7.08397779092775,0,0,0,155.944160538057,204.958407787939,28.4412506166226,0,0,0,0.105083666130766,0.138112134627991,0.0191652632187484,0,0,0
"44007018400","Census Tract 184, Providence County, Rhode Island",B01003_001,6273,831,4398.34543792695,3855.84941652065,227.969877338172,185.382679684786,129.143464383339,0,0,0,328.716861233785,254.298913343692,186.601701797857,0,0,0,0.0518308260584506,0.0421482765055765,0.0293618284888982,0,0,0
"44007018500","Census Tract 185, Providence County, Rhode Island",B01003_001,2783,488,4415.58195318775,3816.72090403079,252.444385380484,232.412275380948,114.004388395522,0,0,0,172.061549258175,160.235264263828,69.0267249418817,0,0,0,0.0571712603359647,0.0526345740708453,0.0258186552993811,0,0,0
"44009041500","Census Tract 415, Washington County, Rhode Island",B01003_001,871,220,30629.3499786724,29563.1859019814,325.817255000584,735.352240289023,4.99458140134811,0,0,0,8.02363042948583,25.3343422804725,0.196989977698871,0,0,0,0.0106374198351403,0.0240080916115118,0.000163065210486867,0,0,0
"44009050102","Census Tract 501.02, Washington County, Rhode Island",B01003_001,2061,391,10329.4374084544,8990.01757831774,587.866918871362,516.754700602418,189.956726213102,40.8414844498038,4,0,82.8658737332757,65.8952866136625,37.9970889342984,3.86811253069194,0.378841521830191,0,0.0569118041598477,0.0500273809858672,0.0183898424184871,0.00395389243719856,0.000387242774396027,0
"44009050103","Census Tract 501.03, Washington County, Rhode Island",B01003_001,5562,603,23798.7239962863,11514.0479514673,5362.60923926366,5008.75763211974,1541.43536526999,345.873808165547,22,4,1504.80468542128,733.274559278562,203.703718768342,32.9649796220919,1.78828947143464,1.34615892082456,0.225331796784587,0.210463285044246,0.0647696643530352,0.0145332921302638,0.000924419309347553,0.000168076238063191
"44009050104","Census Tract 501.04, Washington County, Rhode Island",B01003_001,3321,416,14061.577070383,9456.70599759205,3644.3650287831,838.819986343387,111.697033859789,6.98902380466461,3,0,860.709734051121,198.108729959869,26.3801028570017,1.65063619387174,0.708526500984334,0,0.259171856082843,0.0596533363323905,0.00794342151671236,0.000497029868675623,0.000213347335436415,0
"44009050301","Census Tract 503.01, Washington County, Rhode Island",B01003_001,5012,756,19246.149609385,15650.9903208672,1484.17440054449,1291.10225891648,591.592618833645,220.290010163561,3.00000002980232,5.00000002980232,394.407922830148,346.100754056756,159.758076413271,58.3591500042402,0.78604050514653,1.30962873434293,0.0771153935029563,0.0670836653107435,0.030738232365458,0.0114459263091325,0.000155875335622427,0.000259792225005056
"44009050302","Census Tract 503.02, Washington County, Rhode Island",B01003_001,2522,211,7626.70283716725,6890.49755862137,325.100460337744,296.088581893011,115.016236315121,0,0,0,107.233138790966,99.2570369304125,38.7736959624012,0,0,0,0.0426266064482584,0.038822619448352,0.0150807286937432,0,0,0
"44009050401","Census Tract 504.01, Washington County, Rhode Island",B01003_001,5162,536,32268.9426467233,28511.6655456898,1895.096193212,1433.61635588738,320.855628000572,96.7089239335255,9,2,242.290771628701,193.534852723903,41.4668798315565,12.5968929944495,1.09949722863781,0.228584583728023,0.0587281775532374,0.0444271252263346,0.0099431714113866,0.00299696599892609,0.000278905946765315,6.19790992811811e-05
"44009050402","Census Tract 504.02, Washington County, Rhode Island",B01003_001,2649,344,22908.7848031541,20960.7332637855,605.644207929668,790.6496196057,384.242564353692,167.515147479535,0,0,70.5060821042895,92.8333877135475,43.3131386410414,18.1189701922012,0,0,0.026437203593893,0.0345129445494133,0.0167727170015927,0.0073122668408178,0,0
"44009050500","Census Tract 505, Washington County, Rhode Island",B01003_001,6711,222,167750.526579742,161560.835338198,2340.45069912868,2314.61643655197,1329.52855120205,201.095554661006,4,0,104.585612767772,97.1956258788192,53.2738297999097,5.07705483004667,0.205327504008504,0,0.0139519722939059,0.0137979682314243,0.00792562967347851,0.00119877748679026,2.38449326005458e-05,0
"44009050600","Census Tract 506, Washington County, Rhode Island",B01003_001,7723,20,117229.911252479,110606.199277803,2458.71230337072,2933.25425935904,851.707097991366,368.038313955069,10,2,153.973715254161,181.443561735072,54.4451320365625,20.1923581275531,0.747048984560297,0.121092130202791,0.0209734211781101,0.0250213808747296,0.00726527119991615,0.00313945741341064,8.53024615745284e-05,1.70604923149057e-05
"44009050701","Census Tract 507.01, Washington County, Rhode Island",B01003_001,4108,489,71343.4685615839,69258.5490109584,737.689509188524,1210.43655944944,127.73370311223,9.05977887525933,0,0,44.6472535896574,73.2302401679844,6.42750858716607,0.406081846714387,0,0,0.0103399725870035,0.0169663261943116,0.00179040500395589,0.000126988203095829,0,0
"44009050702","Census Tract 507.02, Washington County, Rhode Island",B01003_001,4002,489,56346.6834915703,52684.8826489679,1395.63141867079,1357.38304319523,545.053805373899,361.732575362548,2,0,102.480952970592,107.212277755548,37.609305814054,20.1407532094634,0.118253703291954,0,0.0247686524244072,0.0240898480457736,0.00967321892965433,0.00641976693121015,3.54945469026444e-05,0
"44009050801","Census Tract 508.01, Washington County, Rhode Island",B01003_001,5798,612,4014.89719131458,2480.56442549327,734.100833743135,655.090484299213,132.591320827778,10.6156739257276,1.93445302546024,0,1083.20230961915,994.680025455405,183.521189537417,15.1691857782625,2.76775683050808,0,0.18284424202224,0.163164946219885,0.0330248358823764,0.00264407117290387,0.000481818819581493,0
"44009050802","Census Tract 508.02, Washington County, Rhode Island",B01003_001,3637,341,6271.10530236397,5573.05144632927,311.28033249639,344.985879916634,41.7876436216757,0,0,0,268.499293518598,224.592402031825,36.0264307358606,0,0,0,0.0496372357802776,0.0550119736925144,0.00666352127844565,0,0,0
"44009050901","Census Tract 509.01, Washington County, Rhode Island",B01003_001,6454,599,28059.0576149655,24574.9682416318,1485.1913510507,1399.45457413193,563.949667858446,28.4282333180308,6.06554697453976,1,405.220981879845,384.4732282783,151.661045343669,8.5693569365659,1.93373630672279,0.31880658328749,0.0529309063558343,0.0498753234458426,0.0200986674462531,0.00101315709558501,0.000216170730242368,3.56391156724609e-05
"44009050902","Census Tract 509.02, Washington County, Rhode Island",B01003_001,4806,373,32998.8483133272,29861.0547882197,1308.60934683126,1444.06576313784,344.994862179068,33.1235529592959,6,1,233.383197983189,248.275264224283,57.5781501396766,6.51310407070232,1.15013969147511,0.191689948579186,0.0396562126776635,0.0437610958245059,0.0104547546297165,0.00100377906055341,0.000181824527420758,3.03040879034597e-05
"44009051000","Census Tract 510, Washington County, Rhode Island",B01003_001,1806,285,20300.1685951597,19210.6190645803,488.308006033592,525.509439698333,75.732084847521,0,0,0,41.6458688553112,47.3217820925817,7.58972268141265,0,0,0,0.024054381802032,0.0258869495213765,0.00373061359035108,0,0,0
"44009051101","Census Tract 511.01, Washington County, Rhode Island",B01003_001,4666,375,90299.2136473267,85001.8243807338,2584.4358891782,2019.36497864015,619.233455493512,60.3549432810396,12,2,151.436792611401,117.25716555945,30.793875157583,3.71971571693845,0.697168882940698,0.0882207606637952,0.0286208017189607,0.0223630405744949,0.00685757306715865,0.000668388359579324,0.00013289152269772,2.21485871162867e-05
"44009051102","Census Tract 511.02, Washington County, Rhode Island",B01003_001,3166,375,29227.0395844005,28105.2010697376,464.001235316566,535.388489128032,122.34436867357,0.10442154482007,0,0,51.2863863864783,58.5558004711584,13.6161400279826,0.0118118233906044,0,0,0.0158757521088184,0.0183182592811688,0.00418599934900247,3.57277186827377e-06,0,0
"44009051201","Census Tract 512.01, Washington County, Rhode Island",B01003_001,4790,512,7410.7194517126,6882.22617350763,269.560606563697,241.753711013742,17.178960627527,0,0,0,174.820445190435,152.326928656612,9.99759106858934,0,0,0,0.0363744179387876,0.0326221647694237,0.00231812319160955,0,0,0
"44009051202","Census Tract 512.02, Washington County, Rhode Island",B01003_001,5138,660,8393.44300623825,7388.74278739322,372.187387739747,510.996460447735,117.937279049027,3.57909160852432,0,0,240.626355927165,310.808690341058,56.1310369002641,1.42474878497392,0,0,0.0443426359675198,0.0608804348904196,0.0140511204950546,0.000426415191699549,0,0
"44009051302","Census Tract 513.02, Washington County, Rhode Island",B01003_001,3932,470,36258.366714557,34823.1781983646,483.799616552191,577.863206463319,337.275201125365,36.2504920515348,0,0,52.8652333346246,61.1332008558281,36.3358271519581,3.79747075650121,0,0,0.0133431166483833,0.0159373755307991,0.00930199652346602,0.000999782818043511,0,0
"44009051304","Census Tract 513.04, Washington County, Rhode Island",B01003_001,1794,182,28606.3743364528,27611.3563095109,344.659009907766,482.106760971475,160.203203253266,8.04905280936509,0,0,21.6147022514005,30.2345036462973,10.0468707867716,0.504782625374522,0,0,0.0120483290141586,0.0168531235486607,0.00560026242294959,0.00028137270087766,0,0
"44009051305","Census Tract 513.05, Washington County, Rhode Island",B01003_001,4199,727,28526.8895402273,26301.4291804932,766.94735226698,904.374105819548,502.356418049836,51.7824835977517,0,0,109.110976737133,128.248639705252,70.8957468708549,6.98936759259042,0,0,0.0268850675495296,0.0317025136772883,0.0176099261485006,0.0018152166055374,0,0
"44009051306","Census Tract 513.06, Washington County, Rhode Island",B01003_001,5605,611,66224.8748380452,61617.6830590936,2215.50813338242,1916.45752256933,422.544900523499,39.6716117050964,10.0096107712016,3,134.697028105266,149.060540564451,22.7690546240436,1.75338030887315,0.442398321403582,0.132592065220877,0.0334543196767153,0.0289386356298307,0.00638045600775908,0.000599043966517332,0.00015114578616691,4.5300198865405e-05
"44009051400","Census Tract 514, Washington County, Rhode Island",B01003_001,5193,334,5416.2548216027,4744.49831003248,321.302445217967,285.022189464249,53.1130992076141,11.3283884525299,0.990389227867126,0,308.058548383286,273.273743322488,50.9238086592692,10.8614389779726,0.949565969422413,0,0.0593218849187919,0.0526234822496606,0.00980624083559969,0.00209155381821156,0.000182854991223265,0
"44009051502","Census Tract 515.02, Washington County, Rhode Island",B01003_001,7188,842,15181.2060708904,14303.9765614564,406.979547717508,368.506714782852,101.743246933583,0,0,0,187.056780722138,171.716800419026,34.4377160679285,0,0,0,0.0268081169451934,0.024273876071642,0.00670192120826775,0,0,0
"44009051503","Census Tract 515.03, Washington County, Rhode Island",B01003_001,3565,584,13531.0937326388,12226.2041207929,408.027961683634,595.22056383842,300.641086323842,1,0,0,131.025528558545,203.074955308272,62.9333618819063,0.204207120921792,0,0,0.0301548396416334,0.0439890947176478,0.0222185354904944,7.39038557975447e-05,0,0
"44009051504","Census Tract 515.04, Washington County, Rhode Island",B01003_001,4698,681,17939.8531433277,16860.81197638,459.063643488567,482.304514489646,137.673008969425,0,0,0,138.238187639479,151.635485973179,40.4474267888494,0,0,0,0.0255890413272031,0.0268845296913162,0.00767414358799414,0,0,0
